territory_rep,rank,account,employees,annual_revenue,industry,vertical,state,city,owner,type,status,last_activity,website,account_url
Jamie,1,Tata Consultancy Services Limited,672817,28080018232.0,MSP - UCaaS / Voip,MSP,NY,New York,Jamie Butler,Cold Prospect,Qualified,2026-05-19,tcs.com,https://rev-io.my.salesforce.com/001PX00000bo69lYAA
Jamie,2,NEW SOLUTIONS Limited,339864,19430000000.0,MSP - No Voice,MSP,NJ,London,Jamie Butler,Cold Prospect,Qualified,,cognizant.com,https://rev-io.my.salesforce.com/0016O00003ZM032QAD
Jamie,3,Kyndryl,100000,10000000000.0,MSP - No Voice,MSP,PA,New York,Jamie Butler,Cold Prospect,Qualified,,https://www.kyndryl.com/us/en,https://rev-io.my.salesforce.com/001PX00000K31daYAB
Jamie,4,Securitas Security Svc USA Inc,100000,400000.0,MSP - No Voice,MSP,PA,Philadelphia,Matt Salin,Cold Prospect,Qualified,,https://www.securitasinc.com/Contact-Us/Pennsylvania/Philadelphia/,https://rev-io.my.salesforce.com/0016O00003eblnBQAQ
Jamie,5,"Trustlink Technologies, LLC",86000,,MSP - UCaaS / Voip,MSP,PA,Harrisburg,Jamie Butler,Cold Prospect,Qualified,2026-05-01,trustlinktechnologies.com,https://rev-io.my.salesforce.com/001PX00000liXV9YAM
Jamie,6,"Stanley Black & Decker, Inc.",50000,10000000000.0,MSP - No Voice,MSP,CT,,Jamie Butler,Cold Prospect,Qualified,2025-09-12,stanleyworks.com,https://rev-io.my.salesforce.com/001PX000006yzGWYAY
Jamie,7,ROCKET MORTGAGE,50000,10000000000.0,MSP - No Voice,MSP,MI,Detroit,Jamie Butler,Cold Prospect,Qualified,,rocketmortgage.com,https://rev-io.my.salesforce.com/001PX00000D6r3oYAB
Jamie,8,Computa Center,50000,10000000000.0,MSP - No Voice,MSP,OH,Cincinnati,Jamie Butler,Cold Prospect,Qualified,2024-07-24,computacenter.com,https://rev-io.my.salesforce.com/001PX000007DCA0YAO
Jamie,9,Indy-Tech Computer Services,49175,,MSP - No Voice,MSP,IN,Indianapolis,Patrick Davies,Cold Prospect,Qualified,2026-07-06,indy-tech.com,https://rev-io.my.salesforce.com/001PX00000ZHjklYAD
Jamie,10,Miami Business Consulting,45100,,MSP - No Voice,MSP,OH,Oxford,Jamie Butler,Cold Prospect,Qualified,,mckinsey.com,https://rev-io.my.salesforce.com/001PX00000ZW08uYAD
Jamie,11,NTT DATA Business Solutions,23000,86847242690.0,MSP - UCaaS / Voip,MSP,OH,Cincinnati,Jamie Butler,Cold Prospect,Qualified,,nttdata-solutions.com,https://rev-io.my.salesforce.com/001PX00000bo0jUYAQ
Jamie,12,Massachusetts Institute of Technology,21122,4655400000.0,MSP - No Voice,MSP,MA,Cambridge,Jamie Butler,Cold Prospect,Bad,,mit.edu,https://rev-io.my.salesforce.com/001PX00000DX3IzYAL
Jamie,13,Sensata Technologies,18000,3837310000.0,MSP - No Voice,MSP,MA,Attleboro,Jamie Butler,Cold Prospect,Qualified,,sensata.com,https://rev-io.my.salesforce.com/001PX00000ZbCYEYA3
Jamie,14,Xerox Business Solutions Midwest,16800,7022000000.0,MSP - No Voice,MSP,CT,Norwalk,Jamie Butler,Cold Prospect,Qualified,,xerox.com,https://rev-io.my.salesforce.com/001PX00000YgrgvYAB
Jamie,15,Avaya,15640,3128000000.0,MSP - No Voice,MSP,PA,Berlin,Usman Zahoor,Partner Prospect,International,2022-10-06,avaya.de,https://rev-io.my.salesforce.com/0016O00003CFmbSQAT
Jamie,16,LexisNexis,10121,3100000000.0,MSP - UCaaS / Voip,MSP,NY,New York,Jamie Butler,Cold Prospect,Qualified,,lexisnexis.com,https://rev-io.my.salesforce.com/001PX00000boE9UYAU
Jamie,17,SMART by GEP Procurement Software Solutions,10000,10000000000.0,MSP - No Voice,MSP,NJ,Clark,Jamie Butler,Cold Prospect,Fringe,2024-12-11,https://www.smartbygep.com/procurement-software,https://rev-io.my.salesforce.com/001PX0000096EG3YAM
Jamie,18,Yamaha Unified Communications,10000,4032700000.0,UCaaS / Voip,MSP,MA,Sudbury,Jamie Butler,Cold Prospect,International,2023-09-25,https://uc.yamaha.com/,https://rev-io.my.salesforce.com/001PX00000ChdXOYAZ
Jamie,19,Wren Telecom,10000,1000000000.0,MSP - UCaaS / Voip,MSP,IA,Des Moines,Patrick Davies,Cold Prospect,Qualified,2024-10-09,https://www.linkedin.com/company/wren-telecom/about/,https://rev-io.my.salesforce.com/001PX000003idqNYAQ
Jamie,20,Virtusa / Polaris,10000,1000000000.0,MSP - UCaaS / Voip,MSP,MA,Southborough,Marketing Rev.io,Cold Prospect,Bad,2016-11-15,http://www.virtusapolaris.com/services/iot/,https://rev-io.my.salesforce.com/001PX00000AaVkHYAV
Jamie,21,Toshiba America,10000,1000000000.0,MSP - No Voice,MSP,NY,New York,Jamie Butler,Cold Prospect,Qualified,,tais.toshiba.com,https://rev-io.my.salesforce.com/001PX000004hTrmYAE
Jamie,22,TDS,10000,1000000000.0,MSP - UCaaS / Voip,MSP,IL,Chicago,Patrick Davies,Cold Prospect,Qualified,2026-05-19,http://teldta.com,https://rev-io.my.salesforce.com/001PX00000AP2yZYAT
Jamie,23,Ocean State Job Lot,10000,1000000000.0,MSP - UCaaS / Voip,MSP,RI,North Kingstown,Jamie Butler,Cold Prospect,Qualified,2023-10-17,osjl.com,https://rev-io.my.salesforce.com/0016O00003ebjnJQAQ
Jamie,24,"Konica Minolta Business Solutions U.S.A., INC.",10000,1000000000.0,MSP - No Voice,MSP,NJ,,Jamie Butler,Cold Prospect,Qualified,,kmbs.konicaminolta.us,https://rev-io.my.salesforce.com/001PX00000BX21aYAD
Jamie,25,Finastra,10000,1000000000.0,MSP - No Voice,MSP,NY,New York,Jamie Butler,Cold Prospect,Qualified,2024-02-12,finastra.com,https://rev-io.my.salesforce.com/001PX00000741jIYAQ
Jamie,26,Equinix Inc,10000,1000000000.0,MSP - No Voice,MSP,NY,New York,Jamie Butler,Cold Prospect,Fringe,,packet.net,https://rev-io.my.salesforce.com/0016O00003ebkMeQAI
Jamie,27,Diebold Nixdorf,10000,1000000000.0,MSP - No Voice,MSP,OH,North Canton,Jamie Butler,Cold Prospect,Qualified,,dieboldnixdorf.com,https://rev-io.my.salesforce.com/001PX000004ndhQYAQ
Jamie,28,Diebold,10000,1000000000.0,MSP - No Voice,MSP,OH,North Canton,Jamie Butler,Cold Prospect,Qualified,,diebold.com,https://rev-io.my.salesforce.com/001PX000007HbsuYAC
Jamie,29,Convergys,10000,1000000000.0,MSP - UCaaS / Voip,MSP,OH,Cincinnati,Marketing Rev.io,Warm Prospect,Bad,2022-08-29,www.convergystechnologies.com,https://rev-io.my.salesforce.com/0011500001W0j7MAAR
Jamie,30,CBIZ,10000,1000000000.0,MSP - No Voice,MSP,OH,Independence,Jamie Butler,Cold Prospect,Qualified,,cbiz.com,https://rev-io.my.salesforce.com/001PX00000CNNHxYAP
Jamie,31,Brother Usa,10000,1000000000.0,MSP - No Voice,MSP,NJ,New Jersey,Jamie Butler,Cold Prospect,Qualified,,brother.com,https://rev-io.my.salesforce.com/001PX000004hTm1YAE
Jamie,32,Briggs & Stratton,10000,1000000000.0,UCaaS / Voip,MSP,WI,Milwaukee,Usman Zahoor,Partner Prospect,Qualified,2020-11-09,https://www.basco.com/home.html,https://rev-io.my.salesforce.com/0011500001bh7p7AAA
Jamie,33,BOB,10000,1000000000.0,MSP - UCaaS / Voip,MSP,IL,Lombard,Marketing Rev.io,Warm Prospect,Bad,2022-05-26,http://www.bobbroadband.com/,https://rev-io.my.salesforce.com/0011500001HNPpOAAX
Jamie,34,Bain Consulting,10000,1000000000.0,UCaaS / Voip,MSP,MA,Millbrae,Usman Zahoor,Partner Prospect,Fringe,2023-05-15,https://www.bain.com/,https://rev-io.my.salesforce.com/0011500001hUfFmAAK
Jamie,35,SHI International,10000,648800000.0,MSP - No Voice,MSP,NJ,Austin,Jamie Butler,Cold Prospect,Qualified,2024-12-02,https://www.shi.com/,https://rev-io.my.salesforce.com/001PX0000075d81YAA
Jamie,36,Gorilla Group,10000,50000000.0,MSP - No Voice,MSP,IL,Chicago,Joseph Abarno,Cold Prospect,Bad,,gorillagroup.com,https://rev-io.my.salesforce.com/001PX000004hUnuYAE
Jamie,37,TechMD,10000,15000000.0,MSP - No Voice,MSP,NY,New York,Jamie Butler,Cold Prospect,Qualified,2026-07-07,icscomplete.com,https://rev-io.my.salesforce.com/0016O00003U0LTeQAN
Jamie,38,Globaltel,10000,7845216.0,UCaaS / Voip,MSP,NY,Hauppauge,Jamie Butler,Churn,Bad,2019-05-15,windstreamenterprise.com,https://rev-io.my.salesforce.com/0011500001HNPjwAAH
Jamie,39,Diebold Inc,10000,6105000.0,MSP - No Voice,MSP,NY,Syracuse,Joseph Abarno,Cold Prospect,Fringe,,https://www.dieboldnixdorf.com/en-us/retail/,https://rev-io.my.salesforce.com/0016O00003ebmTKQAY
Jamie,40,Tek Systems,10000,5083000.0,MSP - No Voice,MSP,WI,Brookfield,Patrick Davies,Cold Prospect,Fringe,2025-06-05,teksystems.com,https://rev-io.my.salesforce.com/0016O00003KJX7GQAX
Jamie,41,Port Geeks,10000,1000000.0,MSP - No Voice,MSP,MA,Newburyport,Jamie Butler,Cold Prospect,Qualified,,portgeeks.com,https://rev-io.my.salesforce.com/001PX000004hUNEYA2
Jamie,42,Controller onDemand,10000,1000000.0,MSP - No Voice,MSP,PA,Pottstown,Jamie Butler,Cold Prospect,Qualified,,ondemand.com,https://rev-io.my.salesforce.com/0016O00003ebhyGQAQ
Jamie,43,Electronic Payment Systems,10000,0.0,UCaaS / Voip,MSP,PA,Moon Township,Cam Sharpe,Cold Prospect,Bad,,eps-corp.com,https://rev-io.my.salesforce.com/0016O00003ebiihQAA
Jamie,44,"Telephone and Data Systems, Inc",7900,4964000000.0,MSP - UCaaS / Voip,MSP,WI,Middleton,Patrick Davies,Cold Prospect,Qualified,2026-07-06,tdsinc.com,https://rev-io.my.salesforce.com/001PX00000SN5yAYAT
Jamie,45,Sita Corp,7597,1840000000.0,MSP - No Voice,MSP,NJ,Newark,Jamie Butler,Cold Prospect,Qualified,,sitacorp.com,https://rev-io.my.salesforce.com/001PX00000DX3JHYA1
Jamie,46,Commonwealth of Pennsylvania,6658,760600000.0,MSP - No Voice,MSP,PA,Harrisburg,Jamie Butler,Cold Prospect,Qualified,,pa.gov,https://rev-io.my.salesforce.com/001PX00000DX3JDYA1
Jamie,47,LUKOIL,6145,71800000000.0,MSP - No Voice,MSP,MA,East Boston,Jamie Butler,Cold Prospect,Bad,,lukoil.com,https://rev-io.my.salesforce.com/001PX00000DX3J0YAL
Jamie,48,Comarch,5625,28300000.0,MSP - UCaaS / Voip,MSP,IL,Rosemont,Patrick Davies,Cold Prospect,Fringe,2025-07-23,comarch.com,https://rev-io.my.salesforce.com/001PX00000K2ZHXYA3
Jamie,49,Baystate Health,5298,1407000000.0,MSP - No Voice,MSP,MA,Springfield,Jamie Butler,Cold Prospect,Bad,,baystatehealth.org,https://rev-io.my.salesforce.com/001PX00000DX3J8YAL
Jamie,50,Southern Illinois University,5000,10000000000.0,MSP - No Voice,MSP,IL,Carbondale,Patrick Davies,Cold Prospect,Qualified,,siu.edu,https://rev-io.my.salesforce.com/001PX00000CkbqiYAB
Jamie,51,NaviSite,5000,10000000000.0,MSP - No Voice,MSP,MA,Andover,Jamie Butler,Cold Prospect,Qualified,2024-09-24,http://www.navisite.com,https://rev-io.my.salesforce.com/001PX0000091HZeYAM
Jamie,52,RDI,5000,1100000000.0,MSP - No Voice,MSP,IA,Milford,Patrick Davies,Warm Prospect,Qualified,2026-07-01,thinix.com,https://rev-io.my.salesforce.com/0011C00002mimj7QAA
Jamie,53,West Monroe,5000,1000000000.0,MSP - No Voice,MSP,IL,Chicago,Ryan Koontz,Cold Prospect,Bad,2024-10-03,http://www.westmonroepartners.com,https://rev-io.my.salesforce.com/001PX0000086gJNYAY
Jamie,54,SHI International,5000,1000000000.0,MSP - No Voice,MSP,NJ,Franklin Township,Jamie Butler,Cold Prospect,Qualified,2024-11-14,shi.com,https://rev-io.my.salesforce.com/0016O00003QyGNBQA3
Jamie,55,ScanSource,5000,1000000000.0,MSP - No Voice,MSP,NJ,Seaside Heights,Jamie Butler,Cold Prospect,Qualified,2026-07-06,scansource.com,https://rev-io.my.salesforce.com/001PX00000CkkAfYAJ
Jamie,56,RDI Intuitive Technical,5000,1000000000.0,MSP - UCaaS / Voip,MSP,OH,Columbus,Jamie Butler,Cold Prospect,Qualified,2026-06-12,rdit.com,https://rev-io.my.salesforce.com/001PX00000434HlYAI
Jamie,57,Northeastern University,5000,1000000000.0,MSP - No Voice,MSP,MA,Boston,Jamie Butler,Cold Prospect,Qualified,,northeastern.edu,https://rev-io.my.salesforce.com/001PX00000EGeSrYAL
Jamie,58,"Miracle Software Systems, Inc.",5000,1000000000.0,MSP - No Voice,MSP,MI,Novi,Jamie Butler,Cold Prospect,Qualified,2024-06-17,http://miraclesoft.com,https://rev-io.my.salesforce.com/001PX000008r8qsYAA
Jamie,59,kapersky.com,5000,1000000000.0,MSP - No Voice,MSP,MA,Moscow,Jamie Butler,Cold Prospect,Qualified,2025-01-31,kapersky.com,https://rev-io.my.salesforce.com/0016O00003ebgZ2QAI
Jamie,60,Infinity Technology,5000,1000000000.0,MSP - UCaaS / Voip,MSP,WI,Green Bay,Marketing Rev.io,Cold Prospect,Bad,2023-10-20,http://infinitytechnology.com,https://rev-io.my.salesforce.com/001PX00000BJIVyYAP
Jamie,61,Ensono,5000,1000000000.0,MSP - No Voice,MSP,IL,Downers Grove,Patrick Davies,Cold Prospect,Qualified,2026-07-07,http://www.ensono.com,https://rev-io.my.salesforce.com/001PX000008r7efYAA
Jamie,62,Duff & Phelps,5000,1000000000.0,MSP - UCaaS / Voip,MSP,NY,New York,Usman Zahoor,Partner Prospect,Fringe,,duffandphelps.com,https://rev-io.my.salesforce.com/0011500001IIF8UAAX
Jamie,63,Crestron Electronics,5000,1000000000.0,MSP - No Voice,MSP,NJ,New Jersey,Jamie Butler,Cold Prospect,Qualified,,crestron.com,https://rev-io.my.salesforce.com/001PX000004hTmiYAE
Jamie,64,Crestron,5000,1000000000.0,MSP - No Voice,MSP,NJ,Massachusetts,Jamie Butler,Cold Prospect,Qualified,,crestron.com,https://rev-io.my.salesforce.com/001PX000004hTmEYAU
Jamie,65,Binary Semantics Ltd,5000,1000000000.0,MSP - No Voice,MSP,NJ,Edison,Jamie Butler,Cold Prospect,Qualified,,binarysemantics.com,https://rev-io.my.salesforce.com/001PX000004hV2iYAE
Jamie,66,Rocket Software Inc,5000,500000000.0,MSP - No Voice,MSP,MA,,Jamie Butler,Cold Prospect,Bad,,seagullsw.com,https://rev-io.my.salesforce.com/0016O00003ebhW0QAI
Jamie,67,Kirkwood Community College,5000,500000000.0,MSP - No Voice,MSP,IA,Cedar Rapids,Patrick Davies,Cold Prospect,Qualified,,kirkwood.edu,https://rev-io.my.salesforce.com/001PX00000CkbexYAB
Jamie,68,"Forrester Research, Inc",5000,500000000.0,MSP - No Voice,MSP,MA,Cambridge,Jamie Butler,Cold Prospect,Qualified,2024-07-19,forrester.com,https://rev-io.my.salesforce.com/001PX00000D71zLYAR
Jamie,69,Adtech Systems,5000,500000000.0,MSP - No Voice,MSP,MA,Sudbury,Jamie Butler,Cold Prospect,Fringe,2024-09-06,https://avispl.com,https://rev-io.my.salesforce.com/001PX000004hTyAYAU
Jamie,70,Telamon,5000,494800000.0,UCaaS / Voip,MSP,IN,Greensburg,Marketing Rev.io,Cold Prospect,Bad,2024-09-19,http://telamon.com,https://rev-io.my.salesforce.com/001PX00000B0EENYA3
Jamie,71,Kaseya Limited,5000,250000000.0,MSP - No Voice,MSP,NY,New York,Marketing Rev.io,Cold Prospect,Bad,2026-05-07,kaseya.com,https://rev-io.my.salesforce.com/001PX000006Y1CsYAK
Jamie,72,Everbridge,5000,200000000.0,MSP - No Voice,MSP,MA,Cambridge,Jamie Butler,Cold Prospect,Qualified,2022-03-11,http://everbridge.com,https://rev-io.my.salesforce.com/001PX00000CziN3YAJ
Jamie,73,Everbridge,5000,200000000.0,MSP - No Voice,MSP,MA,Boston,Jamie Butler,Cold Prospect,Qualified,2026-02-12,http://everbridge.com,https://rev-io.my.salesforce.com/001PX00000D4b04YAB
Jamie,74,Everbridge,5000,200000000.0,MSP - No Voice,MSP,MA,Burlington,Jamie Butler,Cold Prospect,Qualified,2024-01-16,http://everbridge.com,https://rev-io.my.salesforce.com/001PX00000D4zAHYAZ
Jamie,75,Park Place Technologies,5000,100000000.0,MSP - No Voice,MSP,OH,Ohio,Jamie Butler,Cold Prospect,Qualified,,parkplacetechnologies.com,https://rev-io.my.salesforce.com/001PX000004hThPYAU
Jamie,76,DigitalOcean,5000,68800000.0,MSP - No Voice,MSP,NY,New York,Jamie Butler,Cold Prospect,Qualified,2024-07-26,digitalocean.com,https://rev-io.my.salesforce.com/001PX0000075jnMYAQ
Jamie,77,Navisite,5000,61000000.0,MSP - No Voice,MSP,MA,Andover,Jamie Butler,Cold Prospect,Qualified,,http://navisite.com,https://rev-io.my.salesforce.com/001PX00000Cb0RyYAJ
Jamie,78,Sikich,5000,50000000.0,MSP - No Voice,MSP,IL,Naperville,Patrick Davies,Cold Prospect,Qualified,2026-07-02,https://www.sikich.com/,https://rev-io.my.salesforce.com/001PX00000CVOAPYA5
Jamie,79,Continuum Managed Services,5000,50000000.0,MSP - No Voice,MSP,MA,Boston,Ardit Berdyna,Cold Prospect,Qualified,,continuum.net,https://rev-io.my.salesforce.com/001PX000007BO6DYAW
Jamie,80,Trigyn Technologies,5000,10000000.0,MSP - No Voice,MSP,NJ,Edison,Jamie Butler,Cold Prospect,Qualified,,trigyn.com,https://rev-io.my.salesforce.com/001PX000004hUAjYAM
Jamie,81,RDI IT,5000,10000000.0,UCaaS / Voip,MSP,OH,Cincinnati,Patrick Dahlstrom,Cold Prospect,Bad,2025-04-23,https://rdi-it.com/,https://rev-io.my.salesforce.com/001PX00000CbEWXYA3
Jamie,82,Itol,5000,10000000.0,MSP - No Voice,MSP,WI,Green Bay,Marketing Rev.io,Cold Prospect,Bad,2024-07-09,itol.com,https://rev-io.my.salesforce.com/001PX0000078ERfYAM
Jamie,83,FCI Cyber,5000,10000000.0,MSP - No Voice,MSP,NJ,Bloomfield,Jamie Butler,Cold Prospect,Qualified,2024-12-20,fcicyber.com,https://rev-io.my.salesforce.com/001PX000007BF01YAG
Jamie,84,Circle Computer Resources Inc,5000,10000000.0,MSP - No Voice,MSP,IA,,Patrick Davies,Cold Prospect,Qualified,2025-07-14,ccr.net,https://rev-io.my.salesforce.com/001PX000002jKz8YAE
Jamie,85,Nextiraone,5000,2412000.0,UCaaS / Voip,MSP,NH,Gilford,Marketing Rev.io,Cold Prospect,Bad,,nextiraone.com,https://rev-io.my.salesforce.com/0016O00003ebihgQAA
Jamie,86,All Covered,5000,1570000.0,UCaaS / Voip,MSP,PA,Conshohocken,Jakob Champion,Rev.io Odin Client,Qualified,2026-07-06,allcovered.com,https://rev-io.my.salesforce.com/0011C00002q9HUOQA2
Jamie,87,Ahead,5000,1000000.0,MSP - No Voice,MSP,IL,Chicago,Patrick Davies,Cold Prospect,Qualified,2026-07-07,http://thinkahead.com,https://rev-io.my.salesforce.com/001PX000008eIstYAE
Jamie,88,Unica Corporation,5000,0.0,UCaaS / Voip,MSP,MA,Waltham,Marketing Rev.io,Cold Prospect,Bad,,unica.com,https://rev-io.my.salesforce.com/0016O00003ebjwjQAA
Jamie,89,"Miracle Software Systems, Inc.",5000,0.0,MSP - No Voice,MSP,MI,Southfield,Jamie Butler,Cold Prospect,Qualified,2024-09-16,miraclesoft.com,https://rev-io.my.salesforce.com/0016O00003ebhy1QAA
Jamie,90,Health Management Systems,5000,0.0,UCaaS / Voip,MSP,NY,New York,Marketing Rev.io,Cold Prospect,Bad,,hmsy.com,https://rev-io.my.salesforce.com/0016O00003ebk4RQAQ
Jamie,91,Care Cloud Corp,5000,0.0,MSP - No Voice,MSP,NJ,Franklin Township,Jamie Butler,Cold Prospect,Fringe,2025-12-12,Carecloud.com,https://rev-io.my.salesforce.com/0016O00003ebiZiQAI
Jamie,92,Apps Associates Llc,5000,0.0,MSP - No Voice,MSP,MA,Acton,Jamie Butler,Cold Prospect,Qualified,2024-04-15,appsassociates.com,https://rev-io.my.salesforce.com/0016O00003ebo4GQAQ
Jamie,93,AMELIA,5000,,MSP - No Voice,MSP,NY,New York,Jamie Butler,Cold Prospect,Fringe,2025-05-13,amelia.ai,https://rev-io.my.salesforce.com/001PX000004hUgmYAE
Jamie,94,Mediacom,4520,2040000000.0,UCaaS / Voip,MSP,NY,Mediacom Park,Marketing Rev.io,Cold Prospect,Bad,2023-07-03,mediacombb.net,https://rev-io.my.salesforce.com/001PX00000AOdYjYAL
Jamie,95,"PC Connection, Inc",3891,2800000000.0,MSP - No Voice,MSP,NH,Merrimack,Jamie Butler,Cold Prospect,Qualified,2026-07-02,connection.com,https://rev-io.my.salesforce.com/001PX00000Kpz7cYAB
Jamie,96,TDS Business Solutions,3500,5413000000.0,MSP - UCaaS / Voip,MSP,WI,Madison,Patrick Davies,Cold Prospect,Qualified,2025-10-14,https://tdsbusiness.com/,https://rev-io.my.salesforce.com/001PX00000aFzb8YAC
Jamie,97,Consolidated Communications,2900,1300000000.0,MSP - UCaaS / Voip,MSP,IL,Conroe,Justin Lee,Rev.io Odin Client,Tier 1,2026-06-02,consolidated.com,https://rev-io.my.salesforce.com/0011500001HNPyMAAX
Jamie,98,TDS Telecommunications,2818,900000000.0,MSP - UCaaS / Voip,MSP,WI,Madison,Patrick Davies,Cold Prospect,Qualified,2025-08-18,tdstelecom.com,https://rev-io.my.salesforce.com/0011C00002vVsKFQA0
Jamie,99,Marlabs LLC,2605,156100000.0,MSP - No Voice,MSP,NJ,Piscataway,Jamie Butler,Cold Prospect,Qualified,,marlabs.com,https://rev-io.my.salesforce.com/001PX00000YZYuUYAX
Jamie,100,Cosatech,2500,,MSP - No Voice,MSP,IL,Parkway Gardens,Patrick Davies,Cold Prospect,Qualified,2026-07-02,cosatech.com,https://rev-io.my.salesforce.com/001PX00000ZVzkvYAD
Andy,1,Samsung,270372,226912198613.0,MSP - No Voice,MSP,CA,San Jose,Patrick Davies,Cold Prospect,Qualified,,samsung.com,https://rev-io.my.salesforce.com/001PX00000DX3J9YAL
Andy,2,AT&T Partner Exchange,209600,179144998912.0,UCaaS / Voip,MSP,TX,Plano,Usman Zahoor,Partner,Tier 1,2026-07-07,att.com,https://rev-io.my.salesforce.com/0011500001IIF76AAH
Andy,3,Orange,146178,46963031850.0,UCaaS / Voip,MSP,CA,San Francisco,Joseph Abarno,Cold Prospect,Qualified,,orange.com,https://rev-io.my.salesforce.com/001PX00000SwxnfYAB
Andy,4,Nokia,102761,23196000256.0,UCaaS / Voip,MSP,TX,Irving,Usman Zahoor,Partner Prospect,Bad,2026-01-05,nokia.com,https://rev-io.my.salesforce.com/0011500001IIF7rAAH
Andy,5,Ravello Systems,100000,10000000000.0,MSP - No Voice,MSP,CA,Palo Alto,Patrick Davies,Cold Prospect,Qualified,,ravellosystems.com,https://rev-io.my.salesforce.com/001PX000007BEbLYAW
Andy,6,Neohapsis Security Services,100000,10000000000.0,MSP - No Voice,MSP,CA,San Jose,Nassim Filoso,Cold Prospect,Bad,2025-06-12,http://neohapsis.com/,https://rev-io.my.salesforce.com/001PX000007noPRYAY
Andy,7,Google Fiber,100000,10000000000.0,MSP - UCaaS / Voip,MSP,CA,Mountain View,Patrick Davies,Warm Prospect,Qualified,2026-07-06,fiber.google.com,https://rev-io.my.salesforce.com/0016O000037eUDHQA2
Andy,8,ZTE USA,100000,1000000000.0,UCaaS / Voip,MSP,TX,Richardson,Marketing Rev.io,Cold Prospect,Bad,2023-10-20,http://zteusa.com,https://rev-io.my.salesforce.com/001PX00000BJcWLYA1
Andy,9,Frisco Computer Service LLC,66607,,MSP - No Voice,MSP,TX,Frisco,Andy Whisenant,Cold Prospect,Qualified,,friscocomputerservice.com,https://rev-io.my.salesforce.com/001PX00000juwFXYAY
Andy,10,ITapp,50000,13278000000.0,MSP - No Voice,MSP,CA,San Jose,Patrick Davies,Cold Prospect,Qualified,,servicenow.com,https://rev-io.my.salesforce.com/001PX00000ZVzeQYAT
Andy,11,Terma Software Labs,50000,10000000000.0,MSP - No Voice,MSP,CO,Boulder,Andy Whisenant,Cold Prospect,Qualified,,termasoftware.com,https://rev-io.my.salesforce.com/001PX000007BEh4YAG
Andy,12,Sprouts Farmers Market,50000,10000000000.0,MSP - No Voice,MSP,AZ,Phoenix,Marketing Rev.io,Cold Prospect,Bad,,sprouts.com,https://rev-io.my.salesforce.com/001PX00000D6w6fYAB
Andy,13,SAIC / Security & Transportation Technology Group,50000,10000000000.0,MSP - No Voice,MSP,KS,Reston,Andy Whisenant,Cold Prospect,Qualified,2026-04-07,saic.com,https://rev-io.my.salesforce.com/001PX00000CkbqOYAR
Andy,14,NSPI,50000,10000000000.0,MSP - No Voice,MSP,CA,El Segundo,Patrick Davies,Cold Prospect,Qualified,2026-05-19,http://nspi.pcm.com/index.html,https://rev-io.my.salesforce.com/001PX000007nVTIYA2
Andy,15,Lumen Technologies,50000,10000000000.0,MSP - No Voice,MSP,LA,West Monroe,Andy Whisenant,Cold Prospect,Qualified,,http://www.lumen.com,https://rev-io.my.salesforce.com/001PX00000D7G2wYAF
Andy,16,Los Alamos National Laboratory,50000,10000000000.0,MSP - No Voice,MSP,NM,Los Alamos,Jake Borah,Cold Prospect,Bad,,lanl.gov,https://rev-io.my.salesforce.com/001PX00000BLJlfYAH
Andy,17,Ingram Micro,50000,10000000000.0,MSP - No Voice,MSP,CA,Irvine,Patrick Davies,Cold Prospect,Qualified,2026-06-11,ingrammicro.com,https://rev-io.my.salesforce.com/001PX00000CktU3YAJ
Andy,18,"Equinix, Inc",50000,10000000000.0,MSP - No Voice,MSP,CA,Redwood City,Patrick Davies,Cold Prospect,Qualified,2022-10-18,http://www.equinix.com/,https://rev-io.my.salesforce.com/001PX000008wHdNYAU
Andy,19,TeleFlex,50000,7500000.0,UCaaS / Voip,MSP,TX,Houston,Andy Whisenant,Cold Prospect,Qualified,2026-07-06,http://teleflexnetworks.com,https://rev-io.my.salesforce.com/001PX00000BtkiDYAR
Andy,20,NEC Corporation of America,50000,1000000.0,UCaaS / Voip,MSP,TX,Irving,Usman Zahoor,Partner Prospect,Qualified,2022-11-09,necam.com,https://rev-io.my.salesforce.com/0011500001ipGmJAAU
Andy,21,Sharp Electronics Corp,33804,28224198656.0,MSP - No Voice,MSP,CA,Simi Valley,Patrick Davies,Cold Prospect,Qualified,2026-07-06,http://sharpusa.com,https://rev-io.my.salesforce.com/001PX000008wAVSYA2
Andy,22,Texas A&M University,25000,3300000000.0,MSP - No Voice,MSP,TX,College Station,Andy Whisenant,Cold Prospect,Bad,,tamu.edu,https://rev-io.my.salesforce.com/001PX00000DX3J5YAL
Andy,23,Insight,15829,8340000000.0,UCaaS / Voip,MSP,AZ,Tempe,Andy Whisenant,Cold Prospect,Qualified,2026-07-06,insight.com,https://rev-io.my.salesforce.com/0016O00003HMqFFQA1
Andy,24,"Juniper Networks, Inc",11798,5070000000.0,MSP - No Voice,MSP,CA,Sunnyvale,Patrick Davies,Cold Prospect,Qualified,,juniper.net,https://rev-io.my.salesforce.com/001PX00000ZlgNuYAJ
Andy,25,Zoom,11793,4392960000.0,UCaaS / Voip,MSP,CA,San Jose,Patrick Davies,Cold Prospect,Tier 1,2026-07-06,zoom.us,https://rev-io.my.salesforce.com/001PX00000QRnCEYA1
Andy,26,Samsung Electronics,10341,4005440000.0,UCaaS / Voip,MSP,TX,Richardson,Patrick Dahlstrom,Cold Prospect,Bad,,samsungtelecom.com,https://rev-io.my.salesforce.com/0016O00003ZM034QAD
Andy,27,ProfitStars' Gladiator Technology,10000,10000000000.0,MSP - No Voice,MSP,TX,Allen,Andy Whisenant,Cold Prospect,Qualified,2025-04-15,profitstars.com,https://rev-io.my.salesforce.com/001PX000008maW5YAI
Andy,28,CenterPoint Energy,10000,10000000000.0,MSP - No Voice,MSP,TX,Houston,Andy Whisenant,Cold Prospect,Bad,2022-10-18,https://www.centerpointenergy.com/en-us/,https://rev-io.my.salesforce.com/001PX000008mFWSYA2
Andy,29,"Windstream Holdings, Inc.",10000,1000000000.0,MSP - No Voice,MSP,AR,Little Rock,Ardit Berdyna,Cold Prospect,Bad,,windstreambusiness.com,https://rev-io.my.salesforce.com/001PX000008mQrdYAE
Andy,30,Velocloud Networks Inc,10000,1000000000.0,MSP - No Voice,MSP,CA,Palo Alto,Usman Zahoor,Partner Prospect,Bad,,http://velocloud.com,https://rev-io.my.salesforce.com/0011C00002jZNNfQAO
Andy,31,SCALABLE Network Technologies,10000,1000000000.0,MSP - No Voice,MSP,CA,Los Angeles,Patrick Davies,Cold Prospect,Qualified,,scalable-networks.com,https://rev-io.my.salesforce.com/001PX000004hTdaYAE
Andy,32,Pitney Bowes,10000,1000000000.0,UCaaS / Voip,MSP,CO,Boulder,Usman Zahoor,Partner Prospect,Fringe,,pitneybowes.com,https://rev-io.my.salesforce.com/0011500001IIF8VAAX
Andy,33,HRFH Group,10000,1000000000.0,UCaaS / Voip,MSP,TX,Mountain View,Andy Whisenant,Cold Prospect,Qualified,2026-07-06,https://www.google.com/,https://rev-io.my.salesforce.com/001PX000009rIKzYAM
Andy,34,HPE,10000,1000000000.0,MSP - UCaaS / Voip,MSP,CA,Santa Clarita,Usman Zahoor,Partner Prospect,Fringe,2019-06-19,hpe.com,https://rev-io.my.salesforce.com/0011500001LdIw0AAF
Andy,35,"Flex International Usa, Inc",10000,1000000000.0,MSP - No Voice,MSP,HI,California,Patrick Davies,Cold Prospect,Qualified,2026-05-19,flex.com,https://rev-io.my.salesforce.com/001PX000004hThYYAU
Andy,36,Epson,10000,1000000000.0,MSP - No Voice,MSP,CA,,Patrick Davies,Cold Prospect,Qualified,,ea.epson.com,https://rev-io.my.salesforce.com/001PX000004hTrpYAE
Andy,37,dxc technology,10000,1000000000.0,MSP - No Voice,MSP,TX,,Andy Whisenant,Warm Prospect,Qualified,2026-07-01,dxc.com,https://rev-io.my.salesforce.com/0016O00003IQ2h3QAD
Andy,38,"DocuSign, Inc.",10000,1000000000.0,MSP - No Voice,MSP,CA,,Patrick Davies,Cold Prospect,Qualified,2026-07-06,docusign.com,https://rev-io.my.salesforce.com/001PX000005WcdkYAC
Andy,39,Activision,10000,1000000000.0,MSP - No Voice,MSP,CA,California,Patrick Davies,Cold Prospect,Qualified,,activision.com,https://rev-io.my.salesforce.com/001PX000004hTm2YAE
Andy,40,SoftServe,10000,100000000.0,MSP - No Voice,MSP,TX,Austin,Andy Whisenant,Cold Prospect,Qualified,2025-07-22,softserveinc.com,https://rev-io.my.salesforce.com/001PX000007gGp9YAE
Andy,41,Frontier,10000,675000.0,UCaaS / Voip,MSP,AZ,Kingman,Luke Yntema,Cold Prospect,Bad,,suth.com,https://rev-io.my.salesforce.com/0016O00003ebngSQAQ
Andy,42,Security Integration,10000,0.0,MSP - UCaaS / Voip,MSP,CA,Mill Valley,Patrick Davies,Cold Prospect,Fringe,2023-10-13,securityintegration.net,https://rev-io.my.salesforce.com/0016O00003ebhB4QAI
Andy,43,Ramtron Corporation,10000,0.0,UCaaS / Voip,MSP,CO,Colorado Springs,Marketing Rev.io,Cold Prospect,Bad,,ramtron.com,https://rev-io.my.salesforce.com/0016O00003ebk4FQAQ
Andy,44,PolyPhaser Corporation,10000,0.0,MSP - UCaaS / Voip,MSP,NV,Minden,Andy Whisenant,Cold Prospect,Qualified,,polyphaser.com,https://rev-io.my.salesforce.com/0016O00003ebkB1QAI
Andy,45,Finisar Corporation,10000,0.0,MSP - UCaaS / Voip,MSP,CA,Sunnyvale,Joseph Abarno,Cold Prospect,Bad,2025-10-06,finisar.com,https://rev-io.my.salesforce.com/0016O00003ebj9qQAA
Andy,46,"Crittercism, Inc.",10000,0.0,MSP - UCaaS / Voip,MSP,CA,San Francisco,Patrick Davies,Cold Prospect,Fringe,2023-10-26,crittercism.com,https://rev-io.my.salesforce.com/0016O00003ebkVnQAI
Andy,47,Century Tel Systems,10000,0.0,MSP - No Voice,MSP,CA,Thousand Oaks,Nassim Filoso,Cold Prospect,Qualified,,https://www.linkedin.com/company/century-tel-systems/about/,https://rev-io.my.salesforce.com/0016O00003ebnCsQAI
Andy,48,CDK Global,8907,1640280000.0,UCaaS / Voip,MSP,TX,Austin,Andy Whisenant,Cold Prospect,Qualified,2026-06-15,cdkglobal.com,https://rev-io.my.salesforce.com/0016O00003XCxYRQA1
Andy,49,Coastal Bend Technology Solutions LLC,8127,,MSP - No Voice,MSP,TX,Corpus Christi,Andy Whisenant,Cold Prospect,Qualified,,coastalbendtech.com,https://rev-io.my.salesforce.com/001PX00000YgrYZYAZ
Andy,50,Tyler Technologies,7462,2137803000.0,MSP - No Voice,MSP,TX,Plano,Andy Whisenant,Cold Prospect,Qualified,2026-05-15,tylertech.com,https://rev-io.my.salesforce.com/001PX00000jyPJNYA2
Andy,51,Twilio,7336,3826321000.0,MSP - UCaaS / Voip,MSP,CA,San Francisco,Patrick Davies,Warm Prospect,Qualified,2026-07-01,twilio.com,https://rev-io.my.salesforce.com/0011500001IIF78AAH
Andy,52,Mavenir,6199,427000000.0,UCaaS / Voip,MSP,TX,Richardson,Usman Zahoor,Partner Prospect,Qualified,2025-11-21,https://mavenir.com,https://rev-io.my.salesforce.com/0016O000034ypI5QAI
Andy,53,Crown Castle,5181,5840000000.0,UCaaS / Voip,MSP,TX,Houston,Andy Whisenant,Warm Prospect,Fringe,2026-03-12,CROWNCASTLE.COM,https://rev-io.my.salesforce.com/0011500001HNQ4LAAX
Andy,54,Kingston Technology Company Inc,5000,10000000000.0,MSP - No Voice,MSP,CA,Fountain Valley,Patrick Davies,Cold Prospect,Qualified,,kingston.com,https://rev-io.my.salesforce.com/001PX000007UfRaYAK
Andy,55,IWG,5000,10000000000.0,MSP - No Voice,MSP,TX,Zug,Andy Whisenant,Cold Prospect,Qualified,2025-04-09,iwgplc.com,https://rev-io.my.salesforce.com/001PX00000D7NjmYAF
Andy,56,Extreme Networks,5000,10000000000.0,MSP - No Voice,MSP,CA,San Jose,Patrick Davies,Cold Prospect,Qualified,2022-12-15,https://www.extremenetworks.com/,https://rev-io.my.salesforce.com/001PX000008qWSEYA2
Andy,57,Digital Realty,5000,10000000000.0,MSP - No Voice,MSP,CA,San Francisco,Patrick Davies,Cold Prospect,Qualified,2021-02-11,http://www.digitalrealty.com,https://rev-io.my.salesforce.com/001PX000007DPGhYAO
Andy,58,Mediacom Communications Corp,5000,2040000000.0,UCaaS / Voip,MSP,CA,,Patrick Davies,Cold Prospect,Qualified,2026-07-06,mediacomcc.com,https://rev-io.my.salesforce.com/001PX00000TuujlYAB
Andy,59,Blackberry,5000,1560300000.0,MSP - UCaaS / Voip,MSP,TX,Irving,Marketing Rev.io,Cold Prospect,Bad,2022-10-18,http://rim.com,https://rev-io.my.salesforce.com/001PX00000C9ozaYAB
Andy,60,Trianz,5000,1000000000.0,MSP - No Voice,MSP,CA,Santa Clara,Patrick Davies,Cold Prospect,Qualified,,https://www.trianz.com/,https://rev-io.my.salesforce.com/001PX00000CV9tIYAT
Andy,61,Symbio,5000,1000000000.0,MSP - UCaaS / Voip,MSP,CA,San Jose,Patrick Davies,Warm Prospect,Qualified,2026-06-12,symbio.com,https://rev-io.my.salesforce.com/0016O00003AXGxfQAH
Andy,62,Supermicro Computers,5000,1000000000.0,MSP - No Voice,MSP,CA,San Jose,Patrick Davies,Cold Prospect,Qualified,2022-10-18,http://www.supermicro.com,https://rev-io.my.salesforce.com/001PX000007njWhYAI
Andy,63,Nityo,5000,1000000000.0,MSP - No Voice,MSP,CA,Sunnyvale,Patrick Davies,Cold Prospect,Fringe,2022-10-18,https://www.nityo.com/,https://rev-io.my.salesforce.com/001PX00000ChlxdYAB
Andy,64,MBS,5000,1000000000.0,MSP - No Voice,MSP,TX,Houston,Andy Whisenant,Cold Prospect,Qualified,,mbsinc.com,https://rev-io.my.salesforce.com/001PX000007BFDQYA4
Andy,65,"Jive Communications, Inc",5000,1000000000.0,MSP - UCaaS / Voip,MSP,UT,Provo,Marketing Rev.io,Warm Prospect,Bad,2022-10-18,jive.com,https://rev-io.my.salesforce.com/0011C00002ZbN7gQAF
Andy,66,E Plus,5000,1000000000.0,MSP - No Voice,MSP,CA,Herndon,Patrick Davies,Cold Prospect,Qualified,,eplus.com,https://rev-io.my.salesforce.com/001PX000004hUk3YAE
Andy,67,Brillio,5000,1000000000.0,MSP - No Voice,MSP,CA,Anna,Patrick Davies,Cold Prospect,Qualified,,http://www.brillio.com,https://rev-io.my.salesforce.com/001PX00000D7MhMYAV
Andy,68,"Blizzard Entertainment , Inc",5000,1000000000.0,MSP - No Voice,MSP,CA,California,Patrick Davies,Cold Prospect,Qualified,,blizzard.com,https://rev-io.my.salesforce.com/001PX000004hTm6YAE
Andy,69,Astreya,5000,1000000000.0,MSP - No Voice,MSP,CA,San Jose,Patrick Davies,Cold Prospect,Qualified,2025-02-25,http://astreya.com,https://rev-io.my.salesforce.com/001PX0000077QueYAE
Andy,70,ALTEN Calsoft Labs,5000,1000000000.0,MSP - No Voice,MSP,CA,Santa Clara,Patrick Davies,Cold Prospect,Qualified,2022-10-18,http://www.altencalsoftlabs.com,https://rev-io.my.salesforce.com/001PX000008w5E4YAI
Andy,71,riverbed,5000,823800000.0,MSP - No Voice,MSP,CA,,Patrick Davies,Cold Prospect,Qualified,2022-12-28,http://riverbed.com,https://rev-io.my.salesforce.com/001PX0000075k1RYAQ
Andy,72,Securus Technologies,5000,500000000.0,UCaaS / Voip,MSP,TX,Dallas,Andy Whisenant,Warm Prospect,Qualified,2026-06-15,securustechnologies.com,https://rev-io.my.salesforce.com/001PX00000BJTbCYAX
Andy,73,Netsmart Technologies,5000,500000000.0,MSP - No Voice,MSP,KS,Kansas,Andy Whisenant,Cold Prospect,Qualified,2025-03-28,ntst.com,https://rev-io.my.salesforce.com/001PX000004hVbiYAE
Andy,74,Long View,5000,500000000.0,MSP - No Voice,MSP,CO,Calgary,Andy Whisenant,Cold Prospect,Qualified,,https://www.longviewsystems.com/about-us/journey-to-100-years/,https://rev-io.my.salesforce.com/001PX00000QKjurYAD
Andy,75,Extron,5000,500000000.0,MSP - No Voice,MSP,CA,North Carolina,Patrick Davies,Cold Prospect,Qualified,,extron.com,https://rev-io.my.salesforce.com/001PX000004hTmAYAU
Andy,76,EOSIT Solutions,5000,500000000.0,MSP - No Voice,MSP,TX,Banbridge,Andy Whisenant,Cold Prospect,Qualified,,eosits.com,https://rev-io.my.salesforce.com/001PX00000Kmg33YAB
Andy,77,Basis Technologies,5000,500000000.0,MSP - No Voice,MSP,NM,Albuquerque,Jake Borah,Cold Prospect,Bad,,basis.com,https://rev-io.my.salesforce.com/001PX000007IAy8YAG
Andy,78,Barracuda Networks,5000,500000000.0,MSP - UCaaS / Voip,MSP,CO,Campbell,Jake Mitchell,Partner Prospect,Tier 1,2025-12-15,http://barracudanetworks.com,https://rev-io.my.salesforce.com/001PX00000C9z5vYAB
Andy,79,allstat.com,5000,500000000.0,MSP - No Voice,MSP,CA,Livermore,Patrick Davies,Cold Prospect,Qualified,2025-09-26,allstat.com,https://rev-io.my.salesforce.com/0016O00003ebhI2QAI
Andy,80,Ivanti,5000,490000000.0,MSP - UCaaS / Voip,MSP,UT,South Jordan,Andy Whisenant,Cold Prospect,Qualified,2025-07-29,https://www.ivanti.com/,https://rev-io.my.salesforce.com/001PX00000ChavuYAB
Andy,81,inContact,5000,250000000.0,MSP - No Voice,MSP,UT,Midvale,Usman Zahoor,Partner Prospect,Qualified,,incontact.com,https://rev-io.my.salesforce.com/001PX000006cjiaYAA
Andy,82,Odoo,5000,100000000.0,MSP - No Voice,MSP,CA,San Francisco,Patrick Davies,Cold Prospect,Qualified,,odoo.com,https://rev-io.my.salesforce.com/001PX000007BC6sYAG
Andy,83,TAS,5000,50000000.0,MSP - No Voice,MSP,TX,Houston,Andy Whisenant,Cold Prospect,Qualified,,tasind.com,https://rev-io.my.salesforce.com/001PX000004hVOYYA2
Andy,84,SSE Network Services,5000,50000000.0,MSP - No Voice,MSP,MO,St. Louis,Andy Whisenant,Cold Prospect,Qualified,,sseinc.com,https://rev-io.my.salesforce.com/001PX000004hUBJYA2
Andy,85,Saddleback Valley Unified School District,5000,50000000.0,MSP - No Voice,MSP,CA,,Patrick Davies,Cold Prospect,Qualified,,svusd.org,https://rev-io.my.salesforce.com/001PX00000Cks06YAB
Andy,86,Alsbridge,5000,50000000.0,MSP - UCaaS / Voip,MSP,CA,Pleasanton,Usman Zahoor,Partner Prospect,Fringe,2019-01-24,www.alsbridge.com,https://rev-io.my.salesforce.com/0011500001LDxxQAAT
Andy,87,Allied Digital Services,5000,43900000.0,MSP - UCaaS / Voip,MSP,CA,Mumbai,Patrick Davies,Cold Prospect,Qualified,2024-08-05,http://www.allieddigital.net,https://rev-io.my.salesforce.com/001PX00000CRaN5YAL
Andy,88,IES,5000,20000000.0,MSP - No Voice,MSP,AZ,Tempe,Andy Whisenant,Warm Prospect,Fringe,2026-02-10,www.iescomm.com,https://rev-io.my.salesforce.com/0011C00002NTi9MQAT
Andy,89,Connect First,5000,1000000.0,MSP - UCaaS / Voip,MSP,CO,Boulder,Marketing Rev.io,Warm Prospect,Bad,2020-02-19,https://www.connectfirst.com/,https://rev-io.my.salesforce.com/0011500001IICIdAAP
Andy,90,Call Center Services International,5000,1000000.0,MSP - No Voice,MSP,CA,San Diego,Patrick Davies,Cold Prospect,Qualified,,ccsi.com,https://rev-io.my.salesforce.com/0016O00003ebjDpQAI
Andy,91,Western Blue,5000,0.0,MSP - UCaaS / Voip,MSP,CA,Sacramento,Patrick Davies,Cold Prospect,Fringe,,westernblue.com,https://rev-io.my.salesforce.com/0016O00003ebhT4QAI
Andy,92,todrank.com,5000,0.0,MSP - UCaaS / Voip,MSP,CA,Carlsbad,Patrick Davies,Cold Prospect,Qualified,2025-10-03,todrank.com,https://rev-io.my.salesforce.com/0016O00003ebjSVQAY
Andy,93,"Stampin Up, Inc.",5000,0.0,UCaaS / Voip,MSP,UT,Riverton,Marketing Rev.io,Cold Prospect,Bad,2024-09-23,stampinup.com,https://rev-io.my.salesforce.com/0016O00003ebj4cQAA
Andy,94,School Tech Supply,5000,0.0,MSP - UCaaS / Voip,MSP,CA,WESTLAKE VILLAGE,Patrick Davies,Cold Prospect,Qualified,2025-10-02,Schooltechsupply.com,https://rev-io.my.salesforce.com/0016O00003ebiK2QAI
Andy,95,Nugget Market Inc,5000,0.0,MSP - UCaaS / Voip,MSP,CA,Woodland,Patrick Davies,Cold Prospect,Qualified,2023-10-26,nuggetmarket.com,https://rev-io.my.salesforce.com/0016O00003ebjKnQAI
Andy,96,Medical Solutions,5000,0.0,MSP - No Voice,MSP,TX,McAllen,Marketing Rev.io,Warm Prospect,Bad,2023-12-26,sotxbilling.com,https://rev-io.my.salesforce.com/0016O00003ebk4iQAA
Andy,97,Blackhawk Network Inc.,5000,0.0,MSP - UCaaS / Voip,MSP,CA,Pleasanton,Patrick Davies,Cold Prospect,Fringe,2023-10-13,bhnetwork.com,https://rev-io.my.salesforce.com/0016O00003ebheKQAQ
Andy,98,Tellabs,5000,,MSP - No Voice,MSP,TX,Naperville,Andy Whisenant,Cold Prospect,Qualified,2024-11-01,tellabs.com,https://rev-io.my.salesforce.com/001PX00000ChrBpYAJ
Andy,99,DIGME Networking Resources,4970,,MSP - No Voice,MSP,CA,Temple City,Patrick Davies,Cold Prospect,Qualified,,digmenetworkingresources.com,https://rev-io.my.salesforce.com/001PX00000ZVzdeYAD
Andy,100,Happiest Minds Technologies,4868,329500000.0,UCaaS / Voip,MSP,CA,San Jose,Patrick Davies,Cold Prospect,Qualified,,happiestminds.com,https://rev-io.my.salesforce.com/001PX00000ZpiKfYAJ
Connor,1,Amazon,1556000,6.50313,MSP - No Voice,MSP,WA,Seattle,Billy Boydston,Cold Prospect,Bad,,www.amazon.com,https://rev-io.my.salesforce.com/001PX00000BJh4cYAD
Connor,2,Commonwealth of Virginia,808390,65634000000.0,MSP - No Voice,MSP,VA,Richmond,Connor Flynn,Cold Prospect,Qualified,,virginia.gov,https://rev-io.my.salesforce.com/001PX00000DX3JBYA1
Connor,3,"Vodafone Group, PLC",100000,10000000000.0,MSP - UCaaS / Voip,MSP,WA,Lynnwood,Patrick Davies,Cold Prospect,Qualified,2025-02-12,http://vodafone.com,https://rev-io.my.salesforce.com/001PX00000AQWTGYA5
Connor,4,Leonardo & Company,100000,10000000000.0,MSP - No Voice,MSP,VA,Roma,Connor Flynn,Cold Prospect,Qualified,2023-01-20,https://usa.leonardocompany.com/en/electronics,https://rev-io.my.salesforce.com/001PX00000CMp9pYAD
Connor,5,Deutsche Telekom,100000,10000000000.0,MSP - No Voice,MSP,WA,Bellevue,Patrick Davies,Cold Prospect,Qualified,,http://telekom.com,https://rev-io.my.salesforce.com/001PX000008ym5DYAQ
Connor,6,Avanade,100000,10000000000.0,MSP - No Voice,MSP,WA,Seattle,Patrick Davies,Cold Prospect,Qualified,2023-07-06,http://www.avanade.com,https://rev-io.my.salesforce.com/001PX0000092L4oYAE
Connor,7,"IQVIA, Mexico",80163,14410000000.0,UCaaS / Voip,MSP,NC,Durham,Luke Yntema,Cold Prospect,Bad,,iqvia.com,https://rev-io.my.salesforce.com/0016O00003b6mKWQAY
Connor,8,"IQVIA, Argentina",80163,14410000000.0,UCaaS / Voip,MSP,NC,,Luke Yntema,Cold Prospect,Bad,,iqvia.com,https://rev-io.my.salesforce.com/0016O00003b6mKZQAY
Connor,9,CGI Inc,70291,11392890012.0,MSP - No Voice,MSP,AL,Birmingham,Connor Flynn,Cold Prospect,Qualified,2026-06-22,cgi.com,https://rev-io.my.salesforce.com/001PX00000mvArrYAE
Connor,10,Slalom Consulting,50000,10000000000.0,MSP - No Voice,MSP,WA,Seattle,Patrick Davies,Cold Prospect,Qualified,2023-07-26,http://www.slalom.com,https://rev-io.my.salesforce.com/001PX0000092Oc9YAE
Connor,11,Lumen Technologies,50000,10000000000.0,MSP - No Voice,MSP,FL,Miami,Connor Flynn,Cold Prospect,Qualified,,lumentechnologies.com,https://rev-io.my.salesforce.com/001PX000006czNKYAY
Connor,12,First Data Resources,50000,10000000000.0,MSP - No Voice,MSP,NE,Basildon,Patrick Davies,Cold Prospect,Qualified,,firstdatacorp.com,https://rev-io.my.salesforce.com/001PX00000Ckbd2YAB
Connor,13,ADT Commercial / everOn,50000,10000000000.0,MSP - No Voice,MSP,FL,West Palm BEach,Ardit Berdyna,Cold Prospect,Bad,,adt.com,https://rev-io.my.salesforce.com/001PX000006oAoQYAU
Connor,14,cox automotive inc.,50000,2358800000.0,UCaaS / Voip,MSP,GA,Brookhaven,Marketing Rev.io,Cold Prospect,Bad,2024-08-16,coxautoinc.com,https://rev-io.my.salesforce.com/001PX00000CVVjnYAH
Connor,15,KGPCo,50000,117200000.0,MSP - UCaaS / Voip,MSP,MN,Faribault,Patrick Davies,Cold Prospect,Qualified,2025-03-10,https://www.kgpco.com/,https://rev-io.my.salesforce.com/001PX00000BR4CTYA1
Connor,16,University of Minnesota,28910,500634000.0,MSP - No Voice,MSP,MN,Minneapolis,Joseph Abarno,Cold Prospect,Bad,,umn.edu,https://rev-io.my.salesforce.com/001PX00000DX3J1YAL
Connor,17,Guru IT Services,21788,,MSP - UCaaS / Voip,MSP,WA,Issaquah,Patrick Davies,Cold Prospect,Qualified,2026-02-27,guruitllc.com,https://rev-io.my.salesforce.com/001PX00000h9sWfYAI
Connor,18,Telia International Carrier,20000,9000000000.0,MSP - UCaaS / Voip,MSP,VA,Herndon,Connor Flynn,Warm Prospect,Qualified,2026-03-27,https://www.teliacompany.com/en,https://rev-io.my.salesforce.com/0011500001HNQD7AAP
Connor,19,"Metro VoIP, LLC",20000,,MSP - UCaaS / Voip,MSP,MN,,Patrick Davies,Cold Prospect,Qualified,2026-07-06,www.metrovoipusa.com,https://rev-io.my.salesforce.com/001PX00000lGEFFYA4
Connor,20,The University of Virginia,14800,3952901000.0,MSP - No Voice,MSP,VA,Charlottesville,Connor Flynn,Cold Prospect,Qualified,,virginia.edu,https://rev-io.my.salesforce.com/001PX00000DX3J6YAL
Connor,21,EssenceMediacom Holdings Limited,10567,4000000000.0,MSP - UCaaS / Voip,MSP,MN,Minneapolis,Patrick Davies,Cold Prospect,Fringe,2025-03-21,essencemediacom.com,https://rev-io.my.salesforce.com/001PX000002RcMeYAK
Connor,22,Infinite,10000,10000000000.0,MSP - No Voice,MSP,MD,Rockville,Ardit Berdyna,Cold Prospect,Qualified,,infinite.com,https://rev-io.my.salesforce.com/001PX00000CkbzSYAR
Connor,23,Bend Broadband,10000,10000000000.0,MSP - UCaaS / Voip,MSP,OR,Eugene,Patrick Davies,Cold Prospect,Qualified,2025-02-07,http://bendbroadband.com,https://rev-io.my.salesforce.com/001PX00000AOJFEYA5
Connor,24,Hill-Rom,10000,2800000000.0,UCaaS / Voip,MSP,NC,Cary,Marketing Rev.io,Cold Prospect,Bad,2023-01-27,http://www.hill-rom.com,https://rev-io.my.salesforce.com/001PX00000Cb9ztYAB
Connor,25,Compucom,10000,1774800000.0,MSP - UCaaS / Voip,MSP,SC,Fort Mill,Connor Flynn,Cold Prospect,Qualified,2026-03-12,http://compucom.com,https://rev-io.my.salesforce.com/001PX00000CVQqYYAX
Connor,26,Wolters Kluwer,10000,1000000000.0,UCaaS / Voip,MSP,GA,Alpharetta,Jake Mitchell,Partner,Tier 1,2026-06-25,www.cchgroup.com,https://rev-io.my.salesforce.com/0011500001IIF7nAAH
Connor,27,University of Tennessee Equipment Repair,10000,1000000000.0,MSP - No Voice,MSP,TN,Knoxville,Connor Flynn,Cold Prospect,Bad,,utk.edu,https://rev-io.my.salesforce.com/001PX00000CkbwDYAR
Connor,28,Smokey Mountain IT Solutions,10000,1000000000.0,MSP - No Voice,MSP,NC,FRANKLIN,Matt Salin,Warm Prospect,Bad,2025-05-27,https://www.smsintegration.net/,https://rev-io.my.salesforce.com/001PX000002R03KYAS
Connor,29,Orange Business Services,10000,1000000000.0,MSP - No Voice,MSP,GA,Slough,Marketing Rev.io,Cold Prospect,Bad,,orange-business.com,https://rev-io.my.salesforce.com/001PX00000BJqW1YAL
Connor,30,Microspace,10000,1000000000.0,MSP - No Voice,MSP,NC,Raleigh,Connor Flynn,Cold Prospect,Qualified,2023-10-30,https://microspace.com/,https://rev-io.my.salesforce.com/001PX0000077L9TYAU
Connor,31,"Ikea Direct North America Services, Inc",10000,1000000000.0,MSP - No Voice,MSP,MD,Malmö,Ardit Berdyna,Cold Prospect,Qualified,,ikea.com,https://rev-io.my.salesforce.com/001PX00000CkbeEYAR
Connor,32,hcl,10000,1000000000.0,MSP - No Voice,MSP,GA,Noida,Connor Flynn,Cold Prospect,Qualified,2023-11-30,hcl.us,https://rev-io.my.salesforce.com/001PX000005G4j7YAC
Connor,33,Deloitte,10000,1000000000.0,MSP - UCaaS / Voip,MSP,GA,Atlanta,Usman Zahoor,Partner Prospect,Bad,,www.deloitte.com,https://rev-io.my.salesforce.com/0011500001IIF8QAAX
Connor,34,CSC,10000,1000000000.0,MSP - UCaaS / Voip,MSP,VA,Falls Church,Usman Zahoor,Partner Prospect,Fringe,,http://www.csc.com/,https://rev-io.my.salesforce.com/0011500001IIF8bAAH
Connor,35,CDW,10000,1000000000.0,MSP - No Voice,MSP,FL,Tampa,Connor Flynn,Cold Prospect,Qualified,2023-08-03,http://cdw.com,https://rev-io.my.salesforce.com/001PX000008qxIlYAI
Connor,36,BDO USA,10000,1000000000.0,MSP - UCaaS / Voip,MSP,VA,Chicago,Usman Zahoor,Partner Prospect,Fringe,2018-11-08,https://www.bdo.com/,https://rev-io.my.salesforce.com/0011C00001sYNusQAG
Connor,37,Aegis,10000,1000000000.0,MSP - No Voice,MSP,MD,Columbia,Jake Borah,Cold Prospect,Bad,,aegis-inc.net,https://rev-io.my.salesforce.com/0016O00003ebiu3QAA
Connor,38,Sony Mobile Communications AB,10000,500000000.0,MSP - UCaaS / Voip,MSP,NC,Durham,Marketing Rev.io,Cold Prospect,Bad,2020-01-29,sonyericsson.com,https://rev-io.my.salesforce.com/0011500001hVYm3AAG
Connor,39,MNP,10000,250000000.0,MSP - No Voice,MSP,WA,Calgary,Patrick Davies,Cold Prospect,Qualified,2023-08-31,mnp.ca,https://rev-io.my.salesforce.com/0016O00003edHZUQA2
Connor,40,"Emtec, Inc.",10000,250000000.0,MSP - No Voice,MSP,FL,Jacksonville,Ardit Berdyna,Cold Prospect,Qualified,,emtecinc.com,https://rev-io.my.salesforce.com/001PX000004hUrzYAE
Connor,41,CSS,10000,250000000.0,MSP - No Voice,MSP,TN,Milpitas,Connor Flynn,Cold Prospect,Qualified,2026-07-01,http://www.csscorp.com,https://rev-io.my.salesforce.com/001PX000008igR9YAI
Connor,42,"BSI, The Answer Group",10000,100000000.0,MSP - UCaaS / Voip,MSP,MD,Sabillasville,Marketing Rev.io,Warm Prospect,Bad,2020-05-18,http://www.bsigroup.com/,https://rev-io.my.salesforce.com/0011500001HNPlaAAH
Connor,43,Dan.com - a GoDaddy brand,10000,1000000.0,MSP - No Voice,MSP,FL,Windermere,Connor Flynn,Cold Prospect,Qualified,,baysidetech.com,https://rev-io.my.salesforce.com/0016O00003ebhi5QAA
Connor,44,"City of Albany, Water, Gas and Light Commission",10000,1000000.0,MSP - UCaaS / Voip,MSP,GA,Albany,Marketing Rev.io,Warm Prospect,Bad,2026-03-10,http://www.albanyutil.org/,https://rev-io.my.salesforce.com/0011C00001rdJ7hQAE
Connor,45,Walmart,10000,0.0,MSP - No Voice,MSP,FL,Port Richey,Courtney Jones,Cold Prospect,Bad,2025-09-18,walmart.com,https://rev-io.my.salesforce.com/0016O00003ebn1ZQAQ
Connor,46,The UPS Store Inc,10000,0.0,MSP - UCaaS / Voip,MSP,NE,Omaha,Patrick Davies,Cold Prospect,Qualified,,theupsstore.com,https://rev-io.my.salesforce.com/0016O00003ebhTPQAY
Connor,47,"Adaptive Methods, Inc.",10000,0.0,MSP - UCaaS / Voip,MSP,VA,Centreville,Connor Flynn,Cold Prospect,Qualified,2026-01-22,adaptivemethods.com,https://rev-io.my.salesforce.com/0016O00003ebkQsQAI
Connor,48,Comcast Business,8425,0.0,MSP - UCaaS / Voip,MSP,GA,,Connor Flynn,Warm Prospect,Qualified,2026-07-07,business.comcast.com,https://rev-io.my.salesforce.com/0011500001dxNozAAE
Connor,49,"Practical Technologies, LLC",6496,,MSP - No Voice,MSP,TN,Chattanooga,Connor Flynn,Cold Prospect,Qualified,2026-07-06,practicaltech.com,https://rev-io.my.salesforce.com/001PX00000axeKtYAI
Connor,50,"Zones, Inc",5000,10000000000.0,MSP - No Voice,MSP,WA,Auburn,Patrick Davies,Cold Prospect,Qualified,2023-07-13,http://www.zones.com,https://rev-io.my.salesforce.com/001PX000008yqf3YAA
Connor,51,Barco,5000,10000000000.0,MSP - No Voice,MSP,GA,Duluth,Connor Flynn,Cold Prospect,Qualified,2024-08-06,http://barco.com,https://rev-io.my.salesforce.com/001PX000008vsUMYAY
Connor,52,Zones,5000,1000000000.0,MSP - No Voice,MSP,WA,,Joseph Abarno,Partner Prospect,Fringe,,zones.com,https://rev-io.my.salesforce.com/0016O00003QyGJFQA3
Connor,53,Twog.world,5000,1000000000.0,UCaaS / Voip,MSP,NC,Concord,Marketing Rev.io,Cold Prospect,Bad,2020-10-06,ci.com,https://rev-io.my.salesforce.com/001PX00000CJDPVYA5
Connor,54,North Highland.com,5000,1000000000.0,MSP - No Voice,MSP,TN,brentwood,Connor Flynn,Cold Prospect,Qualified,2026-05-19,northhighland.com,https://rev-io.my.salesforce.com/001PX00000IsPVJYA3
Connor,55,Neustar,5000,1000000000.0,MSP - UCaaS / Voip,MSP,VA,Sterling,Usman Zahoor,Partner Prospect,Qualified,2022-04-13,www.neustar.biz/industries/communications-service-providers,https://rev-io.my.salesforce.com/0011500001VYWzVAAX
Connor,56,MasTec,5000,1000000000.0,MSP - UCaaS / Voip,MSP,FL,Coral Gables,Connor Flynn,Cold Prospect,Fringe,2026-02-05,https://www.mastec.com/,https://rev-io.my.salesforce.com/001PX000001M3wSYAS
Connor,57,"GNet Group, LLC",5000,1000000000.0,MSP - No Voice,MSP,MN,Roseville,Patrick Davies,Cold Prospect,Qualified,2021-05-04,http://www.gnetgroup.com,https://rev-io.my.salesforce.com/001PX000008nGNWYA2
Connor,58,ePlus Inc,5000,1000000000.0,MSP - No Voice,MSP,VA,Herndon,Connor Flynn,Cold Prospect,Qualified,,eplus.com,https://rev-io.my.salesforce.com/001PX00000Ckc0BYAR
Connor,59,Enghouse,5000,1000000000.0,MSP - No Voice,MSP,OR,Markham,Marketing Rev.io,Cold Prospect,Bad,,enghouse.com,https://rev-io.my.salesforce.com/001PX00000EdvmkYAB
Connor,60,ECS,5000,1000000000.0,MSP - No Voice,MSP,VA,Fairfax,Connor Flynn,Cold Prospect,Qualified,2023-07-17,http://ecstech.com,https://rev-io.my.salesforce.com/001PX0000088TTJYA2
Connor,61,Gilbarco Veeder-Root,5000,834400000.0,MSP - No Voice,MSP,NC,Greensboro,Connor Flynn,Cold Prospect,Qualified,2023-07-10,http://gilbarco.com,https://rev-io.my.salesforce.com/001PX00000CRethYAD
Connor,62,The HCI Group,5000,500000000.0,MSP - No Voice,MSP,FL,Jacksonville,Connor Flynn,Cold Prospect,Qualified,2023-08-03,http://www.thehcigroup.com,https://rev-io.my.salesforce.com/001PX000008eCQtYAM
Connor,63,Smartronix,5000,500000000.0,MSP - No Voice,MSP,MD,Hollywood,Connor Flynn,Cold Prospect,Qualified,2023-03-13,http://www.smartronix.com,https://rev-io.my.salesforce.com/001PX0000091ZenYAE
Connor,64,Rita Sims,5000,500000000.0,MSP - UCaaS / Voip,MSP,VA,Leesburg,Usman Zahoor,Partner Prospect,Fringe,,taqua.com,https://rev-io.my.salesforce.com/0011500001IIF8vAAH
Connor,65,Dillon Systems,5000,500000000.0,MSP - UCaaS / Voip,MSP,NC,Willow Spring,Marketing Rev.io,Cold Prospect,Bad,2020-09-24,http://angieslist.com,https://rev-io.my.salesforce.com/001PX00000BXIUTYA5
Connor,66,Consumer Cellular,5000,263000000.0,MSP - UCaaS / Voip,MSP,OR,Portland,Patrick Davies,Cold Prospect,Qualified,2026-07-06,consumercellular.com,https://rev-io.my.salesforce.com/001PX00000BXEqiYAH
Connor,67,Nagarro AG,5000,250000000.0,MSP - No Voice,MSP,FL,Jacksonville,Connor Flynn,Cold Prospect,Qualified,2023-10-13,http://www.nagarro.com/us/en,https://rev-io.my.salesforce.com/001PX000008qrjiYAA
Connor,68,Arkadin,5000,231000000.0,MSP - UCaaS / Voip,MSP,GA,Atlanta,Marketing Rev.io,Warm Prospect,Bad,2024-02-14,arkadin.com,https://rev-io.my.salesforce.com/0016O00003HMqB3QAL
Connor,69,BearCom,5000,208000000.0,UCaaS / Voip,MSP,GA,Woodstock,Marketing Rev.io,Cold Prospect,Bad,2024-07-11,http://bearcom.com,https://rev-io.my.salesforce.com/001PX00000CRSxpYAH
Connor,70,Simplex Grinnell,5000,76300000.0,MSP - UCaaS / Voip,MSP,WA,Seattle,Patrick Davies,Cold Prospect,Qualified,2026-02-27,simplexgrinnell.com,https://rev-io.my.salesforce.com/0016O00003ebkJjQAI
Connor,71,CBE,5000,50000000.0,MSP - No Voice,MSP,AL,Alabama,Connor Flynn,Cold Prospect,Fringe,,cbe-inc.com,https://rev-io.my.salesforce.com/001PX000004hTldYAE
Connor,72,Business Technology Solutions,5000,50000000.0,MSP - No Voice,MSP,TN,Stockholm,Connor Flynn,Cold Prospect,Bad,,bts.com,https://rev-io.my.salesforce.com/001PX00000CkbOhYAJ
Connor,73,PCM Networking,5000,10000000.0,UCaaS / Voip,MSP,FL,Sarasota,Katerra Stephenson Greenwood,Rev.io PSA Client,Qualified,2026-07-07,pcmnetworking.com,https://rev-io.my.salesforce.com/0016O00003dmuV2QAI
Connor,74,Aditi,5000,1810000.0,MSP - No Voice,MSP,MD,Columbia,Joseph Abarno,Cold Prospect,Bad,,aditicorp.com,https://rev-io.my.salesforce.com/0016O00003ebnTnQAI
Connor,75,AMERICAN SYSTEMS CORPORATION,5000,1000000.0,MSP - No Voice,MSP,VA,Chantilly,Connor Flynn,Cold Prospect,Qualified,,americansystems.com,https://rev-io.my.salesforce.com/001PX000004hVBhYAM
Connor,76,SEAGULL,5000,0.0,UCaaS / Voip,MSP,GA,Atlanta,Marketing Rev.io,Cold Prospect,Bad,,www.seagullsw.com,https://rev-io.my.salesforce.com/0016O00003ebn6aQAA
Connor,77,Leica Microsystems,5000,0.0,MSP - UCaaS / Voip,MSP,VA,Chantilly,Connor Flynn,Cold Prospect,Qualified,,leica-microsystems.com,https://rev-io.my.salesforce.com/0016O00003ebk3vQAA
Connor,78,Comm Data,5000,0.0,UCaaS / Voip,MSP,TN,Brentwood,Marketing Rev.io,Cold Prospect,Bad,,comdata.com,https://rev-io.my.salesforce.com/0016O00003eblcAQAQ
Connor,79,ScanSource,5000,,MSP - No Voice,MSP,SC,Greenville,Connor Flynn,Cold Prospect,Qualified,,http://www.scansource.com,https://rev-io.my.salesforce.com/001PX00000D7MMLYA3
Connor,80,Ciena,4754,2080000000.0,MSP - UCaaS / Voip,MSP,MD,Baltimore,Connor Flynn,Cold Prospect,Qualified,2026-03-26,ciena.com,https://rev-io.my.salesforce.com/0016O00003HMqBaQAL
Connor,81,"Fluke Corporation, Spain",3430,1432100000.0,UCaaS / Voip,MSP,WA,Everett,Cam Sharpe,Cold Prospect,International,,fluke.es,https://rev-io.my.salesforce.com/0016O00003a8ix8QAA
Connor,82,AVI-SPL LLC,3225,874800000.0,MSP - UCaaS / Voip,MSP,FL,Tampa,Connor Flynn,Warm Prospect,Qualified,2026-07-07,avispl.com,https://rev-io.my.salesforce.com/0016O00003OtFkzQAF
Connor,83,GTT,3211,1500000000.0,MSP - UCaaS / Voip,MSP,VA,Mc Lean,Connor Flynn,Warm Prospect,Qualified,2026-07-07,gtt.net,https://rev-io.my.salesforce.com/0011500001gR6LDAA0
Connor,84,Ahead,2948,351570000.0,MSP - No Voice,MSP,AL,Illinois,Connor Flynn,Cold Prospect,Fringe,2025-10-27,ahead.com,https://rev-io.my.salesforce.com/001PX000004hTlgYAE
Connor,85,Secureworks,2700,555012000.0,MSP - No Voice,MSP,GA,Atlanta,Connor Flynn,Cold Prospect,Qualified,2026-03-16,secureworks.com,https://rev-io.my.salesforce.com/001PX00000cnPIqYAM
Connor,86,CSI,2682,317000000.0,MSP - UCaaS / Voip,MSP,KY,Paducah,Connor Flynn,Prospect,Tier 1,2026-04-27,csiweb.com,https://rev-io.my.salesforce.com/0011500001HNQJNAA5
Connor,87,8x8,2592,446240000.0,MSP - UCaaS / Voip,MSP,MN,Minneapolis,Jake Mitchell,Partner Prospect,Tier 1,2026-07-06,8x8.com,https://rev-io.my.salesforce.com/0011500001IHCqlAAH
Connor,88,C1,2536,642660000.0,MSP - UCaaS / Voip,MSP,MN,Bloomington,Patrick Davies,Warm Prospect,Fringe,2026-06-25,onec1.com,https://rev-io.my.salesforce.com/0011500001HNQ4nAAH
Connor,89,Presidio Networked Solutions,2500,2679000000.0,MSP - No Voice,MSP,MD,Greenbelt,Connor Flynn,Cold Prospect,Qualified,2025-09-11,http://PRESIDIO.COM,https://rev-io.my.salesforce.com/001PX0000077IcrYAE
Connor,90,Pomeroy Technologies LLC,2500,,MSP - No Voice,MSP,KY,Hebron,Connor Flynn,Cold Prospect,Qualified,,pomeroy.com,https://rev-io.my.salesforce.com/001PX00000YgrfTYAR
Connor,91,Transaction Network Services,1900,322300000.0,MSP - UCaaS / Voip,MSP,VA,Reston,Connor Flynn,Cold Prospect,Qualified,2026-03-30,tnsi.com,https://rev-io.my.salesforce.com/001PX00000czWQ7YAM
Connor,92,Adtran,1777,506510000.0,UCaaS / Voip,MSP,AL,Huntsville,Usman Zahoor,Partner Prospect,Qualified,2023-01-18,adtran.com,https://rev-io.my.salesforce.com/0011500001cCBSvAAO
Connor,93,Psi Cro Ag,1730,1000000000.0,UCaaS / Voip,MSP,NC,Chapel Hill,Patrick Dahlstrom,Cold Prospect,Bad,,psi-cro.com,https://rev-io.my.salesforce.com/0016O00003b6mKgQAI
Connor,94,C Spire,1477,362700000.0,UCaaS / Voip,MSP,MS,Ridgeland,Jakob Champion,Rev.io Odin Client,Tier 1,2026-07-01,cspire.com,https://rev-io.my.salesforce.com/0011500001ajFOJAA2
Connor,95,TeleCommunication Systems,1286,1000000000.0,MSP - UCaaS / Voip,MSP,MD,Annapolis,Marketing Rev.io,Cold Prospect,Bad,2019-08-29,telecomsys.com,https://rev-io.my.salesforce.com/0011C000021F1D5QAK
Connor,96,Lumos Fiber,1147,211230000.0,UCaaS / Voip,MSP,NC,High Point,Marketing Rev.io,Cold Prospect,Bad,2026-06-27,lumosfiber.com,https://rev-io.my.salesforce.com/0016O00003TzgE3QAJ
Connor,97,CommScope,1000,4560600000.0,MSP - No Voice,MSP,NC,Hickory,Connor Flynn,Cold Prospect,Qualified,2026-06-27,commscope.com,https://rev-io.my.salesforce.com/0016O00003E0SzlQAF
Connor,98,flexential,1000,1000000000.0,MSP - No Voice,MSP,NC,,Connor Flynn,Cold Prospect,Qualified,,flexential.com,https://rev-io.my.salesforce.com/001PX000004hUnEYAU
Connor,99,Flexential,1000,1000000000.0,UCaaS / Voip,MSP,FL,Ft Lauderdale,Marketing Rev.io,Cold Prospect,Bad,2023-01-05,https://www.flexential.com/,https://rev-io.my.salesforce.com/001PX00000BJEtrYAH
Connor,100,Carpathia Hosting,1000,1000000000.0,MSP - UCaaS / Voip,MSP,VA,Sterling,Connor Flynn,Cold Prospect,Qualified,2026-03-17,http://carpathia.com,https://rev-io.my.salesforce.com/001PX00000AVHhyYAH
